﻿Altium Designer Pick and Place Locations
D:\GitHub_PCB\GoldFinger\Project Outputs for Free Documents\Pick Place\Pick Place for Main.csv

========================================================================================================================
File Design Information:

Date:       28-12-23
Time:       00:29
Revision:   e7eb4c7824a544787fda4f7df350ec090d865f9f
Variant:    No variations
Units used: mm

﻿"Designator","Comment","Layer","Footprint","Center-X(mm)","Center-Y(mm)","Rotation","Description"
"R12","10K","BottomLayer","RES_0402_1005","118.9990","58.6740","90","Thin Film Resistors - SMD 0402 10kOhms 1 % 50P PM 62.5mW AECQ200"
"R11","180","BottomLayer","RES_0402_1005","118.9990","60.7140","90","Thin Film Resistors - SMD 0402 10kOhms 1 % 50P PM 62.5mW AECQ200"
"Q1","2N7002NXAKR","BottomLayer","SOT95P230X110-3N","116.5020","59.2430","180","MOSFET (N-Channel)"
"D1","DIODE","BottomLayer","SODFL1608X65N","114.0460","59.5630","270","Rectifiers DIODE LOW LEAKAGE TAPE-7"
"B1","Buzzer","BottomLayer","CMT8530SSMTTR","124.8410","61.3410","0","Speakers & Transducers Buzzer 8.5mm sq 2.73kHz 3.6V SMT"
"Y1","ABM8AIG-12.000MHZ-1Z-TR","TopLayer","ABM8AIG12000MHZ1ZTR","145.4150","58.0390","0","Crystals AEC-Q200 CRYSTAL 12.000MHZ 18PF SMD"
"R10","1K","BottomLayer","RES_0402_1005","135.0010","67.9450","270","Thin Film Resistors - SMD 1K ohm 1% 1/16W"
"R9","1K","BottomLayer","RES_0402_1005","135.1280","61.7220","90","Thin Film Resistors - SMD 1K ohm 1% 1/16W"
"R8","2K","TopLayer","RES_0402_1005","135.0010","57.9120","0","Thin Film Resistors - SMD 0402 2.0Kohm .5% AEC-Q200"
"R7","10K","TopLayer","RES_0402_1005","141.3576","57.3331","270","Thin Film Resistors - SMD 0402 10kOhms 1 % 50P PM 62.5mW AECQ200"
"R6","10K","BottomLayer","RES_0402_1005","141.3510","57.2770","270","Thin Film Resistors - SMD 0402 10kOhms 1 % 50P PM 62.5mW AECQ200"
"R5","10K","TopLayer","RES_0402_1005","135.0010","58.9280","180","Thin Film Resistors - SMD 0402 10kOhms 1 % 50P PM 62.5mW AECQ200"
"R4","12K","BottomLayer","RES_0402_1005","134.9929","66.1031","90","Thin Film Resistors - SMD 12kOhm,0402,1%,50ppm ,63mW,50V"
"R3","5.1K","BottomLayer","RES_0402_1005","136.0029","67.0802","90","Thin Film Resistors - SMD 5.1K OHM 1% 50PPM 1/16W"
"R2","12K","BottomLayer","RES_0402_1005","147.5740","62.6110","90","Thin Film Resistors - SMD 12kOhm,0402,1%,50ppm ,63mW,50V"
"R1","12K","BottomLayer","RES_0402_1005","136.1440","61.7220","270","Thin Film Resistors - SMD 12kOhm,0402,1%,50ppm ,63mW,50V"
"LED2","LW_QH8G-Q2OO-3K5L-1","TopLayer","LEDC1005X40N","135.0010","65.7860","90","LED"
"LED1","150040VS73240","TopLayer","LEDC1005X50N","135.0010","63.1190","270","LED"
"J2","U.FL-R-SMT-1_01_","BottomLayer","U.FL-R-SMT(01)","114.9350","71.6275","180","Connector"
"IC3","93LC56BT-I_OT","TopLayer","SOT95P270X145-6N","138.4300","57.6580","0","Integrated Circuit"
"IC2","AP2112R5A-3.3TRG1","TopLayer","AP2112R5A33TRG1","141.0970","72.6440","90","Integrated Circuit"
"FB2","BLM15AX601SN1D","TopLayer","NFZ15SG152SN10B","147.1930","67.0560","90","Ferrite Bead"
"FB1","BLM15AX601SN1D","TopLayer","NFZ15SG152SN10B","147.7010","61.8490","0","Ferrite Bead"
"C12","10uF","TopLayer","CAP_0402_1005","136.9120","71.6263","270","Multilayer Ceramic Capacitors MLCC - SMD/SMT NEW GLOBAL PN KGM05CR51A106MH 10V 10uF X5R 0402 2mm Pitch 20%"
"C11","100nF","TopLayer","CAP_0402_1005","137.9280","71.6263","270","Multilayer Ceramic Capacitors MLCC - SMD/SMT 0402 16VDC 100nF 10% X7R"
"C10","10uF","TopLayer","CAP_0402_1005","144.2340","71.6263","270","Multilayer Ceramic Capacitors MLCC - SMD/SMT NEW GLOBAL PN KGM05CR51A106MH 10V 10uF X5R 0402 2mm Pitch 20%"
"C9","100nF","BottomLayer","CAP_0402_1005","136.4040","59.4377","90","Multilayer Ceramic Capacitors MLCC - SMD/SMT 0402 16VDC 100nF 10% X7R"
"C8","100nF","BottomLayer","CAP_0402_1005","137.4200","59.4377","90","Multilayer Ceramic Capacitors MLCC - SMD/SMT 0402 16VDC 100nF 10% X7R"
"C7","10uF","TopLayer","CAP_0402_1005","148.1128","67.0486","270","Multilayer Ceramic Capacitors MLCC - SMD/SMT NEW GLOBAL PN KGM05CR51A106MH 10V 10uF X5R 0402 2mm Pitch 20%"
"C6","18pF","TopLayer","CAP_0402_1005","147.1913","60.1951","180","Multilayer Ceramic Capacitors MLCC - SMD/SMT 16V 18pF X8R 0402 2% AEC-Q200"
"C5","18pF","TopLayer","CAP_0402_1005","145.2863","60.2012","180","Multilayer Ceramic Capacitors MLCC - SMD/SMT 16V 18pF X8R 0402 2% AEC-Q200"
"C4","100nF","TopLayer","CAP_0402_1005","146.6908","68.5860","0","Multilayer Ceramic Capacitors MLCC - SMD/SMT 0402 16VDC 100nF 10% X7R"
"C3","100nF","TopLayer","CAP_0402_1005","137.4427","70.2064","180","Multilayer Ceramic Capacitors MLCC - SMD/SMT 0402 16VDC 100nF 10% X7R"
"C2","10uF","TopLayer","CAP_0402_1005","142.3640","57.3361","270","Multilayer Ceramic Capacitors MLCC - SMD/SMT NEW GLOBAL PN KGM05CR51A106MH 10V 10uF X5R 0402 2mm Pitch 20%"
"C1","10uF","TopLayer","CAP_0402_1005","147.8577","62.7228","180","Multilayer Ceramic Capacitors MLCC - SMD/SMT NEW GLOBAL PN KGM05CR51A106MH 10V 10uF X5R 0402 2mm Pitch 20%"
"U1","nRF52840","TopLayer","XIAO_nRF52840","123.2510","65.4521","90",""
"J1","USB1046-GF-0190-L-B-A","TopLayer","USB1046GF0190LBA","155.3210","65.6590","0","Connector"
"IC1","FT232HQ-REEL","TopLayer","QFN50P800X800X100-49N-D","141.0970","65.0240","180","Integrated Circuit"
